motif_name	AmnSINE1	Bov-tA1	Bov-tA2	Bov-tA3	HAL1	L2b	L3	LTR33A_	MER102b	MER21C	MER77B	MER81	MER89	MIR3	MLT1N2	Plat_L3	SINE2-1_BT	Tigger7
Tcf21	9.1e-002	0	0	0	3.9e-001	0	0	0	0	0	0	0	0	0	0	0	0	0
FLI1	8.6e-003	8.9e-090	2.1e-603	1.3e-212	3.0e-003	3.8e-008	9.0e-005	0	0	0	0	0	0	1.3e-006	0	0	0	0
ELF3	7.9e-002	6.4e-467	1.5e-1631	8.7e-489	5.7e-003	2.1e-007	1.1e-001	0	0	0	0	0	0	1.6e-005	0	0	0	0
ELF1	5.1e-002	3.6e-400	4.4e-1260	4.7e-383	3.8e-006	1.5e-009	0	0	0	0	0	0	0	6.0e-004	0	0	1.5e-002	0
ELK3	4.8e-001	5.4e-017	6.3e-036	0	1.5e-003	9.7e-010	6.9e-004	0	0	3.5e-001	0	0	0	3.1e-006	0	0	0	2.1e-001
ELK4	1.7e-001	5.5e-377	8.7e-1200	4.9e-307	8.1e-008	3.9e-014	5.3e-009	0	0	4.1e-001	0	0	0	2.3e-010	0	0	0	0
ZBTB18	1.3e-001	0	4.6e-007	0	2.2e-001	1.7e-002	0	0	0	0	0	0	0	5.9e-001	0	0	0	0
Ahr::Arnt	0	2.3e-019	2.3e-009	0	0	0	0	0	0	0	0	0	0	0	0	0	0	0
Alx1	0	1.3e-014	1.9e-051	2.1e-007	0	0	0	0	0	0	0	0	0	0	0	0	4.5e-001	0
ALX3	0	3.1e-047	6.0e-140	1.1e-029	0	0	0	0	0	0	0	0	0	0	0	0	0	0
Alx4	0	1.9e-011	6.1e-043	8.7e-008	0	0	0	0	0	0	0	0	0	0	0	0	0	0
Ar	0	0	0	0	0	0	0	0	0	0	0	0	0	0	0	0	0	0
ARGFX	0	2.1e-031	7.9e-102	1.2e-014	0	0	0	0	0	0	0	0	0	0	0	0	2.4e-002	0
Arid3a	0	3.7e-013	4.5e-042	2.3e-018	0	0	0	0	0	0	0	0	0	0	0	0	0	0
Arid3b	0	3.6e-053	9.9e-171	4.2e-031	0	0	0	0	0	0	0	0	0	0	0	0	0	0
Arid5a	0	3.8e-042	7.2e-141	6.8e-022	0	0	0	0	0	0	0	0	0	0	0	0	0	0
Arnt	0	0	0	0	0	0	0	0	0	0	0	0	0	0	0	0	0	0
ARNT2	0	0	3.6e-002	0	0	0	0	0	0	0	0	0	0	0	0	0	0	0
ARNT::HIF1A	0	2.6e-007	4.7e-001	0	0	0	0	0	0	0	0	0	0	0	0	0	0	0
Arntl	0	0	4.1e-002	0	0	0	0	0	0	0	0	0	0	0	0	0	0	0
Arx	0	2.1e-011	4.7e-046	8.9e-005	0	0	0	0	0	0	0	0	0	0	0	0	0	0
ASCL1	0	2.3e-040	5.2e-034	1.0e-003	0	3.1e-004	0	0	0	0	0	0	0	0	0	0	0	0
ASCL1(var.2)	0	9.7e-118	1.2e-166	1.2e-006	0	0	0	0	0	0	0	0	0	0	0	0	0	0
Ascl2	0	9.1e-004	2.1e-005	0	1.7e-002	0	7.2e-001	0	0	0	0	0	0	0	0	0	0	0
Atf1	0	4.5e-003	0	0	0	0	0	0	0	0	0	0	0	0	0	0	0	0
ATF2	0	0	7.0e-006	6.3e-003	0	0	0	0	0	0	0	0	0	3.6e-001	0	0	0	0
ATF3	0	0	0	0	0	0	0	0	0	0	0	0	0	0	0	0	0	0
ATF4	0	0	5.3e-041	7.8e-012	0	0	0	0	0	0	0	0	0	0	0	0	0	1.3e-002
ATF6	0	0	0	0	0	0	0	0	0	0	0	0	0	0	0	0	0	0
ATF7	0	0	4.8e-001	0	0	0	0	0	0	0	0	0	0	0	0	0	0	0
Atoh1	0	2.5e-001	1.2e-016	0	0	0	0	0	0	0	0	0	0	0	0	0	0	0
ATOH1(var.2)	0	0	9.1e-009	1.6e-003	0	5.0e-001	0	0	0	0	0	0	0	0	0	0	0	0
ATOH7	0	8.0e-006	1.8e-007	9.8e-028	0	5.5e-001	0	0	0	0	0	0	0	0	0	0	0	0
BACH1	0	4.9e-082	2.4e-467	3.9e-070	0	0	0	0	0	0	0	0	0	0	0	0	0	6.8e-002
Bach1::Mafk	0	3.1e-053	3.0e-168	2.7e-024	0	0	0	0	0	0	0	0	0	0	0	0	0	0
BACH2	0	0	2.3e-011	0	0	0	0	0	0	0	0	0	0	0	0	0	0	0
BACH2(var.2)	0	0	0	0	0	0	0	0	0	0	0	0	0	0	0	0	0	0
BARHL1	0	6.1e-034	1.1e-076	2.6e-020	0	0	0	0	0	0	0	0	0	0	0	0	0	0
BARHL2	0	2.4e-038	8.4e-081	6.6e-025	0	0	0	0	0	0	0	0	0	0	0	0	0	0
BARX1	0	2.9e-036	6.4e-132	5.8e-021	0	0	0	0	0	0	0	0	0	0	0	0	0	0
BARX2	0	2.8e-028	1.2e-106	5.6e-015	0	0	0	0	0	0	0	0	0	0	0	0	0	0
BATF	0	1.8e-022	9.8e-232	4.8e-028	0	0	0	0	0	0	0	0	0	0	0	0	0	6.7e-001
BATF3	0	6.7e-021	1.1e-231	7.2e-027	0	0	0	0	0	0	0	0	0	0	0	0	0	6.7e-001
BATF::JUN	0	1.3e-023	3.9e-268	1.6e-033	0	0	0	0	0	0	0	0	0	0	0	0	0	6.7e-001
BCL6	0	0	0	0	0	0	0	0	0	0	0	0	0	0	0	0	0	0
BCL6B	0	0	0	0	0	0	0	0	0	0	0	0	0	0	0	0	0	0
Bhlha15	0	0	2.9e-002	0	0	1.0e-002	0	0	0	0	0	0	0	0	0	0	0	0
BHLHA15(var.2)	0	1.1e-011	1.7e-026	1.4e-004	2.4e-001	5.6e-006	0	0	0	0	0	0	0	0	0	0	0	0
BHLHE22	0	8.5e-007	1.4e-011	0	0	0	0	0	0	0	0	0	0	0	0	0	0	0
BHLHE22(var.2)	0	0	1.9e-030	0	2.5e-002	1.7e-001	6.4e-003	0	0	0	0	0	0	4.7e-001	0	0	0	0
BHLHE23	0	3.5e-006	9.8e-011	0	0	0	0	0	0	0	0	0	0	0	0	0	0	0
BHLHE40	0	0	6.7e-002	0	0	0	0	0	0	0	0	0	0	0	0	0	0	0
BHLHE41	0	0	0	0	0	0	0	0	0	0	0	0	0	0	0	0	0	0
BSX	0	3.6e-032	6.1e-107	1.5e-023	0	0	0	0	0	0	0	0	0	0	0	0	2.6e-001	0
CDX1	0	6.3e-004	2.4e-019	0	0	0	0	0	0	0	0	0	0	0	0	0	0	0
CDX2	0	8.9e-021	4.5e-054	5.9e-016	0	0	0	0	0	0	0	0	0	0	0	0	0	0
CDX4	0	2.4e-008	2.4e-036	3.7e-003	0	0	0	0	0	0	0	0	0	0	0	0	0	0
CEBPA	0	7.9e-010	4.7e-032	6.5e-008	0	0	0	0	0	0	0	0	0	0	0	0	0	0
CEBPB	0	0	8.0e-009	0	0	0	0	0	0	0	0	0	0	0	0	0	0	0
CEBPD	0	3.4e-004	7.7e-015	5.5e-004	0	0	0	0	0	0	0	0	0	0	0	0	0	0
CEBPE	0	0	6.4e-003	0	0	0	0	0	0	0	0	0	0	0	0	0	0	0
CEBPG	0	0	1.4e-002	0	0	0	0	0	0	0	0	0	0	0	0	0	0	0
CEBPG(var.2)	0	3.1e-006	3.9e-044	5.6e-011	0	0	0	0	0	0	0	0	0	0	0	0	0	4.3e-003
CENPB	0	0	2.2e-013	8.2e-053	0	0	0	0	0	0	0	0	0	0	0	0	0	0
CLOCK	0	1.1e-002	0	0	0	0	0	0	0	0	0	0	0	0	0	0	0	0
CREB1	0	0	6.2e-013	9.1e-001	0	0	0	0	0	0	0	0	0	0	0	0	0	0
CREB3	0	0	2.6e-001	0	0	0	0	0	0	0	0	0	0	0	0	0	0	0
CREB3L1	0	0	0	0	0	0	0	0	0	0	0	0	0	0	0	0	0	0
Creb3l2	0	4.5e-051	1.3e-043	0	0	0	0	0	0	0	0	0	0	0	0	0	0	0
CREB3L4	0	0	0	1.9e-001	0	0	0	0	0	0	0	0	0	0	0	0	0	0
CREB3L4(var.2)	0	0	8.2e-007	0	0	0	0	0	0	0	0	0	0	0	0	0	0	0
Creb5	0	0	2.3e-001	0	0	0	0	0	0	0	0	0	0	0	0	0	0	0
CREM	0	4.0e-005	7.2e-007	3.3e-028	0	0	0	0	0	0	0	0	0	0	0	0	0	0
Crx	0	1.7e-009	3.7e-007	0	0	0	0	0	0	0	0	0	0	0	0	0	0	0
CTCF	0	5.1e-057	1.4e-076	2.3e-005	0	0	0	0	0	0	0	0	0	0	0	0	1.8e-001	0
CTCFL	0	7.9e-079	3.8e-040	0	0	0	0	0	0	0	0	0	0	0	0	0	0	0
CUX1	0	1.3e-017	1.7e-037	1.5e-008	0	0	0	0	0	0	0	0	0	0	0	0	0	0
CUX2	0	3.9e-024	2.3e-035	1.6e-009	0	0	0	0	0	0	0	0	0	0	0	0	0	0
DBP	0	0	9.8e-011	0	0	0	0	0	0	0	0	0	0	0	0	0	0	0
Ddit3::Cebpa	0	3.1e-067	1.6e-223	2.6e-042	0	0	0	0	0	0	0	0	0	0	0	0	1.7e-030	0
Dlx1	0	1.0e-046	1.9e-144	1.7e-033	0	0	0	0	0	0	0	0	0	0	0	0	0	0
Dlx2	0	7.2e-038	3.4e-113	2.6e-025	0	0	0	0	0	0	0	0	0	0	0	0	0	0
Dlx3	0	6.2e-040	1.8e-115	7.8e-028	0	0	0	0	0	0	0	0	0	0	0	0	0	0
Dlx4	0	6.8e-038	6.6e-112	2.4e-025	0	0	0	0	0	0	0	0	0	0	0	0	0	0
DLX5	0	8.8e-015	6.6e-065	4.4e-009	0	0	0	0	0	0	0	0	0	0	0	0	0	0
DLX6	0	3.7e-042	1.3e-122	1.7e-024	0	0	0	0	0	0	0	0	0	0	0	0	0	0
Dmbx1	0	4.4e-011	1.3e-032	5.3e-008	0	0	0	0	0	0	0	0	0	0	0	0	0	0
Dmrt1	0	1.4e-005	6.2e-028	0	0	0	0	0	0	0	0	0	0	0	0	0	0	0
DMRT3	0	3.0e-006	6.9e-028	3.2e-018	0	0	0	0	0	0	0	0	0	0	0	0	0	0
DMRTA2	0	0	1.6e-004	5.3e-013	0	0	0	0	0	0	0	0	0	0	0	0	0	0
DMRTC2	0	5.0e-009	1.6e-039	0	0	0	0	0	0	0	0	0	0	0	0	0	0	0
DPRX	0	9.3e-017	3.4e-051	1.4e-010	0	0	0	0	0	0	0	0	0	0	0	0	0	0
DRGX	0	1.0e-032	1.6e-116	1.6e-020	0	0	0	0	0	0	0	0	0	0	0	0	0	0
Dux	0	3.0e-011	1.0e-033	4.3e-002	0	0	0	0	0	0	0	0	0	0	0	0	0	0
DUX4	0	6.2e-013	3.8e-029	2.8e-005	0	0	0	0	0	0	0	0	0	0	0	0	0	0
DUXA	0	5.6e-022	2.5e-062	4.1e-017	0	0	0	0	0	0	0	0	0	0	0	0	0	0
E2F1	0	3.9e-011	0	0	0	0	0	0	0	0	0	0	0	0	0	0	0	0
E2F2	0	0	0	0	0	0	0	0	0	0	0	0	0	0	0	0	0	0
E2F3	0	0	0	0	0	0	0	0	0	0	0	0	0	0	0	0	0	0
E2F4	0	0	0	0	0	0	0	0	0	0	0	0	0	0	0	0	0	0
E2F6	0	1.1e-110	8.3e-228	1.0e-060	0	0	0	0	0	0	0	0	0	0	0	0	0	0
E2F7	0	0	0	0	0	0	0	0	0	0	0	0	0	0	0	0	0	0
E2F8	0	0	0	0	0	0	0	0	0	0	0	0	0	0	0	0	0	0
EBF1	0	5.3e-466	4.3e-2041	3.7e-533	4.0e-002	0	0	0	0	0	0	0	0	0	0	0	5.9e-071	0
Ebf2	0	2.9e-251	1.8e-840	9.1e-176	0	0	0	0	0	0	0	0	0	0	0	0	3.7e-044	0
EBF3	0	3.0e-248	1.1e-863	7.7e-178	0	0	0	0	0	0	0	0	0	0	0	0	7.1e-048	0
EGR1	0	1.8e-010	1.6e-135	1.2e-045	0	0	0	0	0	0	0	0	0	0	0	0	0	0
EGR2	0	0	0	0	0	0	0	0	0	0	0	0	0	0	0	0	0	0
EGR3	0	0	1.3e-003	0	0	0	0	0	0	0	0	0	0	0	0	0	0	0
EGR4	0	0	0	0	0	0	0	0	0	0	0	0	0	0	0	0	0	0
EHF	0	1.1e-451	3.3e-1653	4.5e-492	5.0e-005	5.7e-008	1.9e-001	0	0	0	0	0	0	2.1e-004	0	0	6.4e-002	0
ELF2	0	1.3e-014	1.9e-011	0	1.0e-001	4.8e-002	0	0	0	0	0	0	0	0	0	0	0	0
ELF4	0	4.9e-008	2.8e-009	0	0	0	0	0	0	0	0	0	0	0	0	0	0	0
ELF5	0	1.3e-328	4.8e-1122	2.9e-324	3.0e-004	4.9e-005	1.6e-003	0	0	0	0	0	0	1.4e-009	0	0	0	0
ELK1	0	0	0	0	0	3.8e-001	0	0	0	0	0	0	0	2.1e-001	0	0	0	0
EMX1	0	7.5e-022	2.0e-063	9.1e-017	0	0	0	0	0	0	0	0	0	0	0	0	0	0
EMX2	0	3.0e-025	2.9e-078	4.1e-016	0	0	0	0	0	7.3e-002	0	0	0	0	0	0	0	0
EN1	0	8.4e-034	7.8e-087	8.1e-018	0	0	0	0	0	0	0	0	0	0	0	0	0	0
EN2	0	6.5e-016	4.5e-031	3.0e-008	0	0	0	0	0	0	0	0	0	0	0	0	0	0
EOMES	0	1.9e-020	2.8e-046	6.0e-012	0	0	0	0	0	0	0	0	0	0	0	0	0	0
ERF	0	1.9e-192	4.3e-149	1.6e-007	6.1e-009	4.8e-009	2.7e-002	0	0	0	0	0	0	1.9e-002	0	0	0	0
ERG	0	1.8e-214	1.6e-822	1.7e-262	3.9e-008	5.4e-009	1.9e-005	0	0	0	0	0	0	9.6e-007	0	0	0	0
ESR1	0	0	0	0	0	0	0	0	0	0	0	0	0	0	0	0	0	0
ESR2	0	8.7e-123	4.7e-335	7.4e-051	0	0	0	0	0	0	0	0	0	0	0	0	0	0
ESRRA	0	0	2.8e-003	0	0	0	0	0	0	0	0	0	0	2.0e-005	0	0	0	0
ESRRB	0	0	2.4e-019	4.6e-001	0	0	0	0	0	0	0	0	0	2.9e-004	0	0	0	0
Esrrg	0	0	1.1e-015	1.8e-004	0	0	0	0	0	0	0	0	0	1.4e-003	0	0	0	0
ESX1	0	6.1e-038	4.6e-113	6.3e-024	0	0	0	0	0	0	0	0	0	0	0	0	0	0
ETS1	0	1.9e-257	5.6e-833	2.9e-244	4.9e-008	1.4e-007	2.9e-005	0	0	0	0	0	0	5.0e-005	0	0	0	0
ETS2	0	1.1e-014	2.9e-009	0	7.9e-003	1.1e-003	1.5e-004	0	0	0	0	0	0	3.9e-006	0	0	0	8.5e-001
ETV1	0	8.9e-257	2.1e-784	7.5e-212	4.7e-006	7.1e-009	2.7e-006	0	0	0	0	0	0	7.1e-003	0	0	0	0
ETV2	0	5.0e-164	3.8e-162	5.3e-008	1.8e-003	6.6e-003	1.8e-001	0	0	0	0	0	0	1.5e-003	0	0	0	0
ETV3	0	0	0	0	0	9.1e-004	0	0	0	0	0	0	0	0	0	0	3.5e-001	0
ETV4	0	4.4e-016	7.4e-064	0	0	3.5e-007	6.0e-004	0	0	0	0	0	3.2e-003	0	0	0	0	0
ETV5	0	2.7e-112	1.1e-234	6.0e-044	2.6e-004	5.5e-004	2.8e-004	0	0	0	0	0	0	8.0e-009	0	0	3.8e-007	0
ETV6	0	5.2e-328	5.1e-622	2.4e-143	2.5e-009	2.3e-013	5.1e-005	0	0	0	0	0	0	6.4e-006	0	0	2.0e-006	0
EVX1	0	7.8e-035	4.0e-102	1.9e-022	0	0	0	0	0	0	0	0	0	0	0	0	0	0
EVX2	0	2.7e-034	2.3e-107	1.4e-021	0	0	0	0	0	0	0	0	0	0	0	0	0	0
EWSR1-FLI1	0	0	8.6e-001	0	0	0	0	0	0	0	0	0	0	0	0	0	0	0
FERD3L	0	0	3.2e-002	0	0	0	0	0	0	0	0	0	0	0	0	0	0	0
FEV	0	3.2e-179	1.4e-718	2.9e-206	2.1e-004	4.3e-008	5.6e-005	0	0	0	0	0	0	1.1e-007	0	0	0	0
FIGLA	0	9.2e-102	1.0e-283	8.0e-036	0	2.4e-001	0	0	0	0	0	0	0	0	0	0	2.1e-001	0
FOS	0	0	3.1e-101	0	0	9.2e-003	0	0	0	0	0	0	0	1.5e-002	0	0	0	6.8e-008
FOSB::JUN	0	0	6.9e-007	4.9e-004	0	0	0	0	0	0	0	0	0	0	0	0	0	0
FOSB::JUNB	0	6.7e-001	4.0e-062	0	0	4.7e-001	0	0	0	0	0	0	0	1.0e-001	0	0	0	4.1e-005
FOSB::JUNB(var.2)	0	5.1e-004	5.0e-021	5.4e-018	0	0	0	0	0	0	0	0	0	0	0	0	0	0
FOS::JUN	0	0	4.1e-063	0	0	9.1e-001	0	0	0	0	0	0	0	0	0	0	0	3.0e-004
FOS::JUNB	0	4.5e-001	3.3e-078	0	0	0	0	0	0	0	0	0	0	3.0e-001	0	0	0	4.3e-006
FOS::JUND	0	1.9e-001	4.1e-078	0	0	2.1e-003	0	0	0	0	0	0	0	0	0	0	0	2.9e-004
FOS::JUN(var.2)	0	1.1e-003	1.6e-015	4.0e-012	0	0	0	0	0	0	0	0	0	1.4e-001	0	0	0	0
FOSL1	0	3.6e-020	5.4e-212	7.3e-030	0	0	3.1e-001	0	0	0	0	0	0	0	0	0	0	7.5e-003
FOSL1::JUN	0	3.7e-002	3.5e-080	6.6e-001	0	8.0e-001	0	0	0	0	0	0	0	0	0	0	0	2.9e-004
FOSL1::JUNB	0	3.1e-017	9.3e-233	3.7e-027	0	0	0	0	0	0	0	0	0	0	0	0	0	9.0e-003
FOSL1::JUND	0	3.6e-022	3.1e-273	8.9e-029	0	0	0	0	0	0	0	0	0	0	0	0	0	1.9e-002
FOSL1::JUND(var.2)	0	7.0e-013	9.4e-089	3.6e-019	0	0	0	0	0	0	0	0	0	5.6e-003	0	0	0	0
FOSL1::JUN(var.2)	0	6.9e-001	7.7e-017	8.3e-005	0	0	0	0	0	0	0	0	0	0	0	0	0	3.4e-001
FOSL2	0	4.2e-036	1.6e-604	3.2e-110	0	0	0	0	0	0	0	0	0	0	0	0	0	4.6e-007
FOSL2::JUN	0	0	5.2e-060	0	0	4.4e-001	0	0	0	0	0	0	0	0	0	0	0	3.6e-004
FOSL2::JUNB	0	7.3e-001	4.1e-060	0	0	2.3e-001	0	0	0	0	0	0	0	5.1e-002	0	0	0	3.9e-006
FOSL2::JUNB(var.2)	0	1.4e-001	1.8e-008	2.6e-002	0	0	0	0	0	0	0	0	0	0	0	0	0	0
FOSL2::JUND	0	0	1.7e-057	0	0	6.2e-001	0	0	0	0	0	0	0	0	0	0	0	4.1e-005
FOSL2::JUND(var.2)	0	0	5.6e-006	1.1e-016	0	0	0	0	0	0	0	0	0	0	0	0	0	0
FOSL2::JUN(var.2)	0	1.6e-001	9.2e-020	4.2e-005	0	0	0	0	0	0	0	0	0	0	0	0	0	0
FOXA1	0	9.6e-027	4.1e-081	1.3e-022	0	0	0	0	0	0	0	0	0	0	0	0	0	0
FOXA2	0	1.0e-014	1.2e-047	1.3e-012	0	0	0	0	0	0	0	0	0	0	0	0	0	0
FOXA3	0	2.5e-006	3.1e-043	3.2e-009	0	0	0	0	0	0	0	0	0	0	0	0	0	0
FOXB1	0	2.9e-036	4.0e-131	6.1e-027	0	0	0	0	0	0	0	0	0	0	0	0	0	0
FOXC1	0	2.0e-038	8.7e-099	1.4e-031	0	0	0	0	0	0	0	0	0	0	0	0	0	0
FOXC2	0	1.9e-038	1.0e-091	5.1e-036	0	0	0	0	0	0	0	0	0	0	0	0	8.3e-003	0
FOXD1	0	5.4e-017	8.3e-046	3.5e-016	0	0	0	0	0	0	0	0	0	0	0	0	0	0
FOXD2	0	6.0e-017	2.5e-071	2.4e-025	0	0	0	0	0	0	0	0	0	0	0	0	4.3e-001	0
Foxd3	0	2.3e-036	1.0e-101	2.5e-024	0	0	0	0	0	0	0	0	0	0	0	0	3.1e-005	0
FOXE1	0	0	3.0e-011	3.4e-005	0	0	0	0	0	0	0	0	0	0	0	0	0	0
Foxf1	0	4.1e-021	8.4e-067	5.1e-017	0	0	0	0	0	0	0	0	0	0	0	0	0	0
FOXF2	0	2.9e-004	2.9e-016	1.3e-005	0	0	0	0	0	0	0	0	0	0	0	0	0	0
FOXG1	0	5.9e-002	3.5e-012	4.4e-005	0	0	0	0	0	0	0	0	0	0	0	0	0	0
FOXH1	0	0	0	1.7e-030	0	0	0	0	0	0	0	0	0	0	0	0	0	0
FOXI1	0	1.7e-002	7.4e-021	2.1e-013	0	0	0	0	0	0	0	0	0	0	0	0	0	0
Foxj2	0	5.0e-026	2.4e-069	4.1e-016	0	0	0	0	0	0	0	0	0	0	0	0	0	0
Foxj3	0	2.2e-024	4.6e-062	9.0e-022	0	0	0	0	0	0	0	0	0	0	0	0	0	0
FOXK1	0	4.9e-003	8.3e-029	1.1e-015	0	0	0	0	0	0	0	0	0	0	0	0	0	0
FOXK2	0	1.7e-006	2.2e-036	8.5e-008	0	0	0	0	0	0	0	0	0	0	0	0	0	0
FOXL1	0	3.0e-025	1.0e-090	1.8e-025	0	0	0	0	0	0	0	0	0	0	0	0	0	0
Foxl2	0	8.8e-036	1.2e-090	2.3e-022	0	0	0	0	0	0	0	0	0	0	0	0	0	0
FOXN3	0	8.6e-056	8.1e-181	7.2e-008	0	0	0	0	0	0	0	0	0	0	0	0	0	0
Foxo1	0	9.5e-009	8.2e-036	6.0e-008	0	0	0	0	0	0	0	0	0	0	0	0	0	0
FOXO3	0	5.0e-006	8.0e-028	1.1e-005	0	0	0	0	0	0	0	0	0	0	0	0	0	0
FOXO4	0	1.2e-011	7.0e-056	7.2e-019	0	0	0	0	0	0	0	0	0	0	0	0	0	0
FOXO6	0	1.6e-002	1.3e-015	2.1e-011	0	0	0	0	0	0	0	0	0	0	0	0	0	0
FOXP1	0	1.5e-009	8.0e-035	1.5e-009	0	0	0	0	0	0	0	0	0	0	0	0	0	0
FOXP2	0	6.6e-016	5.3e-059	2.4e-013	0	0	0	0	0	0	0	0	0	0	0	0	0	0
FOXP3	0	2.5e-019	1.7e-094	1.6e-001	0	0	0	0	0	0	0	0	0	0	0	0	0	0
Foxq1	0	6.3e-013	1.3e-062	1.0e-012	0	0	0	0	0	0	0	0	0	0	0	0	0	0
GABPA	0	2.0e-311	9.5e-1037	5.5e-309	2.5e-007	4.1e-009	5.3e-002	0	0	0	0	0	0	1.3e-003	0	0	0	0
GATA1	0	2.3e-026	3.2e-088	1.1e-020	0	0	0	0	0	0	0	0	0	0	0	0	0	0
GATA1::TAL1	0	0	7.7e-016	0	0	0	0	0	0	0	0	0	0	0	0	0	0	0
GATA2	0	5.8e-012	3.7e-074	3.5e-024	0	0	0	0	0	0	0	0	0	0	0	0	0	0
GATA3	0	1.4e-023	2.0e-074	8.5e-019	0	0	0	0	0	0	0	0	0	0	0	0	0	0
GATA4	0	2.2e-004	7.0e-033	2.7e-019	0	0	0	0	0	0	0	0	0	0	0	0	0	0
GATA5	0	1.7e-013	2.0e-049	9.9e-008	0	0	0	0	0	0	0	0	0	0	0	0	0	0
GATA6	0	1.3e-017	6.7e-082	2.5e-027	0	0	0	0	0	0	0	0	0	0	0	0	0	0
GBX1	0	1.0e-023	3.2e-056	4.9e-010	0	0	0	0	0	0	0	0	0	0	0	0	0	0
GBX2	0	5.5e-026	1.5e-069	2.0e-014	0	0	0	0	0	0	0	0	0	0	0	0	0	0
GCM1	0	3.2e-024	1.2e-018	0	0	0	0	0	0	0	0	0	0	0	0	0	0	0
GCM2	0	4.7e-041	2.6e-055	6.8e-024	0	0	0	0	0	0	0	0	0	0	0	0	0	0
GFI1	0	5.5e-003	2.2e-024	8.0e-003	0	0	0	0	0	0	0	0	0	0	0	0	0	0
Gfi1b	0	4.7e-003	5.8e-016	1.0e-005	0	0	0	0	0	0	0	0	0	0	0	0	7.4e-031	0
GLI2	0	0	0	0	0	0	0	0	0	0	0	0	0	0	0	0	0	0
GLI3	0	0	4.0e-002	0	0	0	0	0	0	0	0	0	0	0	0	0	0	0
GLIS1	0	0	0	0	0	0	0	0	0	0	0	0	0	0	0	0	0	0
GLIS2	0	0	0	0	0	0	0	0	0	0	0	0	0	0	0	0	7.2e-001	0
GLIS3	0	0	0	0	0	0	0	0	0	0	0	0	0	0	0	0	0	0
Gmeb1	0	1.0e-010	0	0	0	0	0	0	0	0	0	0	0	0	0	0	0	0
GMEB2	0	2.1e-001	6.5e-023	3.3e-002	0	0	0	0	0	0	0	0	0	0	0	0	0	0
GRHL1	0	0	1.3e-013	2.8e-006	0	0	0	0	0	0	0	0	0	0	0	0	0	0
GRHL2	0	0	9.1e-002	1.0e-004	0	0	0	0	0	0	0	0	0	0	0	0	0	0
GSC	0	2.3e-003	2.0e-016	3.9e-005	0	0	0	0	0	0	0	0	0	0	0	0	0	0
GSC2	0	0	1.6e-004	0	0	0	0	0	0	0	0	0	0	0	0	0	0	0
GSX1	0	3.6e-041	1.6e-117	1.5e-026	0	0	0	0	0	3.0e-002	0	0	0	0	0	0	0	0
GSX2	0	9.4e-024	8.2e-072	4.5e-014	0	0	0	0	0	0	0	0	0	0	0	0	0	0
Hand1::Tcf3	0	1.3e-024	6.9e-125	4.1e-072	0	0	0	0	0	0	0	0	0	0	0	0	0	0
HAND2	0	0	2.9e-005	3.1e-065	0	0	0	0	0	0	0	0	0	0	0	0	0	0
HES1	0	1.3e-006	4.4e-003	0	0	0	0	0	0	0	0	0	0	0	0	0	6.6e-001	0
HES2	0	1.0e-004	0	0	0	0	0	0	0	0	0	0	0	0	0	0	0	0
HES5	0	0	0	0	0	0	0	0	0	0	0	0	0	0	0	0	0	0
HES6	0	0	0	0	0	0	0	0	0	0	0	0	0	0	0	0	0	0
HES7	0	0	0	0	0	0	0	0	0	0	0	0	0	0	0	0	0	0
HESX1	0	5.8e-030	2.1e-095	3.5e-015	0	0	0	0	0	0	0	0	0	0	0	0	0	0
HEY1	0	2.1e-041	1.6e-041	0	0	0	0	0	0	0	0	0	0	0	0	0	0	0
HEY2	0	5.4e-066	5.0e-052	0	0	0	0	0	0	0	0	0	0	0	0	0	0	0
Hic1	0	4.1e-079	1.6e-297	2.8e-063	0	0	0	0	0	0	0	0	0	0	0	0	9.1e-006	0
HIC2	0	2.1e-017	3.3e-017	8.0e-002	0	0	0	0	0	0	0	0	0	0	0	0	2.4e-017	0
HIF1A	0	0	0	0	0	0	0	0	0	0	0	0	0	0	0	0	0	0
HINFP	0	5.8e-093	3.1e-373	3.4e-088	0	0	0	0	0	0	0	0	0	0	0	0	0	0
HLF	0	5.0e-008	1.6e-019	8.3e-006	0	0	0	0	0	0	0	0	0	0	0	0	0	0
HLTF	0	3.6e-008	8.9e-026	1.3e-011	0	0	0	0	0	0	0	0	0	0	0	0	0	0
HMBOX1	0	2.3e-012	7.5e-035	8.8e-007	0	0	0	0	0	0	0	0	0	0	0	0	5.2e-034	0
Hmx1	0	1.6e-010	2.0e-045	1.2e-013	0	0	0	0	0	0	0	0	0	0	0	0	0	0
Hmx2	0	4.5e-013	2.9e-053	8.8e-016	0	0	0	0	0	0	0	0	0	0	0	0	0	0
Hmx3	0	2.4e-018	4.1e-072	6.2e-015	0	0	0	0	0	0	0	0	0	0	0	0	0	0
HNF1A	0	2.8e-018	2.6e-050	1.7e-013	0	0	0	0	0	0	0	0	0	0	0	0	0	0
HNF1B	0	1.3e-010	3.1e-039	6.4e-012	0	0	0	0	0	0	0	0	0	0	0	0	0	0
HNF4A	0	6.2e-013	3.5e-062	8.8e-026	0	0	0	0	0	0	0	9.7e-001	0	0	0	0	2.9e-017	0
HNF4A(var.2)	0	0	0	0	0	0	0	0	0	0	0	0	0	0	0	0	0	0
HNF4G	0	1.7e-009	4.7e-061	7.7e-022	0	0	0	0	0	0	0	0	0	0	0	0	2.1e-018	0
HOXA10	0	3.0e-018	1.5e-081	2.0e-022	0	0	0	0	0	0	0	0	0	0	0	0	3.1e-002	0
HOXA1	0	2.2e-027	2.1e-080	4.3e-016	0	0	0	0	0	0	0	0	0	0	0	0	0	0
Hoxa11	0	5.2e-013	4.1e-054	3.9e-008	0	0	0	0	0	0	0	0	0	0	0	0	0	0
HOXA13	0	7.9e-001	2.7e-016	0	0	0	0	0	0	0	0	0	0	0	0	0	0	0
HOXA2	0	3.7e-021	3.2e-062	3.2e-011	0	0	0	0	0	0	0	0	0	0	0	0	0	0
HOXA4	0	3.0e-025	1.1e-074	5.5e-022	0	0	0	0	0	0	0	0	0	0	0	0	9.5e-007	0
HOXA5	0	4.8e-014	7.2e-032	5.2e-008	0	0	0	0	0	0	0	0	0	0	0	0	0	0
HOXA6	0	4.7e-008	5.0e-025	0	0	0	0	0	0	0	0	0	0	0	0	0	0	0
HOXA7	0	2.7e-019	2.0e-061	1.5e-018	0	0	0	0	0	0	0	0	0	0	0	0	0	0
HOXA9	0	1.5e-004	1.9e-029	3.1e-004	0	0	0	0	0	0	0	0	0	0	0	0	0	0
HOXB13	0	9.5e-041	1.1e-125	1.6e-027	0	0	0	0	0	0	0	0	0	0	0	0	3.9e-003	0
HOXB2	0	1.3e-014	2.4e-046	1.2e-012	0	0	0	0	0	0	0	0	0	0	0	0	0	0
HOXB3	0	1.4e-035	1.2e-111	8.5e-024	0	0	0	0	0	0	0	0	0	0	0	0	0	0
HOXB4	0	1.2e-022	6.2e-079	3.2e-016	0	0	0	0	0	0	0	0	0	0	0	0	0	0
HOXB5	0	1.0e-020	2.0e-053	9.3e-013	0	0	0	0	0	0	0	0	0	0	0	0	0	0
HOXB6	0	2.1e-026	1.3e-084	1.4e-020	0	0	0	0	0	0	0	0	0	0	0	0	0	0
HOXB7	0	4.7e-012	2.5e-055	3.1e-009	0	0	0	0	0	0	0	0	0	0	0	0	0	0
HOXB8	0	7.5e-015	2.2e-062	3.3e-015	0	0	0	0	0	0	0	0	0	0	0	0	0	0
HOXB9	0	2.4e-003	3.8e-019	5.9e-001	0	0	0	0	0	3.1e-002	0	0	0	0	0	0	0	0
HOXC10	0	6.1e-021	2.3e-076	9.5e-014	0	0	0	0	0	0	0	0	0	0	0	0	0	0
HOXC11	0	4.5e-005	3.2e-025	7.4e-002	0	0	0	0	0	0	0	0	0	0	0	0	0	0
HOXC12	0	0	1.0e-012	0	0	0	0	0	0	0	0	0	0	0	0	0	0	0
HOXC13	0	2.6e-011	4.9e-017	1.1e-003	0	0	0	0	0	0	0	0	0	0	0	0	0	0
HOXC4	0	2.2e-021	4.7e-072	5.3e-018	0	0	0	0	0	0	0	0	0	0	0	0	0	0
HOXC8	0	4.3e-020	5.5e-081	1.4e-019	0	0	0	0	0	0	0	0	0	0	0	0	0	0
HOXC9	0	7.7e-001	1.7e-006	0	0	0	0	0	0	0	0	0	0	0	0	0	0	0
HOXD10	0	0	0	0	0	0	0	0	0	0	0	0	0	0	0	0	0	0
HOXD11	0	1.8e-017	1.2e-064	5.2e-009	0	0	0	0	0	0	0	0	0	0	0	0	0	0
HOXD12	0	0	1.6e-013	1.3e-007	0	0	0	0	0	0	0	0	0	0	0	0	0	0
HOXD13	0	0	9.2e-011	9.9e-002	0	0	0	0	0	0	0	0	0	0	0	0	2.9e-009	0
HOXD3	0	2.3e-018	5.7e-052	1.2e-010	0	0	0	0	0	0	0	0	0	0	0	0	0	0
HOXD4	0	1.9e-020	7.3e-073	1.7e-015	0	0	0	0	0	0	0	0	0	0	0	0	0	0
HOXD8	0	3.6e-015	4.3e-065	1.1e-014	0	0	0	0	0	0	0	0	0	0	0	0	0	0
HOXD9	0	8.9e-017	3.1e-061	3.7e-017	0	0	0	0	0	0	0	0	0	0	0	0	0	0
HSF1	0	0	0	0	0	0	0	0	0	0	0	0	0	0	0	0	0	0
HSF2	0	4.5e-021	5.2e-068	1.7e-035	0	0	0	0	0	0	0	0	0	0	0	0	0	0
HSF4	0	2.5e-021	1.3e-063	3.8e-022	0	0	0	0	0	0	0	0	0	0	0	0	0	0
IKZF1	0	1.2e-166	2.6e-506	8.8e-128	1.2e-006	1.3e-005	0	0	0	0	0	0	0	7.4e-003	0	0	0	0
INSM1	0	0	1.7e-003	1.9e-004	0	0	0	0	0	0	0	0	0	0	0	0	0	0
IRF1	0	1.7e-029	6.1e-057	5.0e-026	0	0	0	0	0	0	0	0	0	0	0	0	0	0
IRF2	0	4.6e-001	2.6e-011	5.4e-030	0	0	0	0	0	0	0	0	0	0	0	0	0	0
IRF3	0	3.7e-284	6.2e-1393	3.5e-306	0	0	0	0	0	0	0	0	0	0	0	0	0	0
IRF4	0	0	0	2.9e-013	0	0	0	0	0	0	0	0	0	0	0	0	0	0
IRF5	0	2.8e-002	1.6e-016	0	0	0	0	0	0	0	0	0	0	0	0	0	0	0
IRF6	0	6.2e-001	8.5e-008	0	0	0	0	0	0	0	0	0	0	0	0	0	0	0
IRF7	0	2.6e-020	3.2e-045	9.9e-030	0	0	0	0	0	0	0	0	0	0	0	0	0	0
IRF8	0	0	1.1e-009	9.1e-031	0	0	0	0	0	0	0	0	0	0	0	0	0	0
IRF9	0	0	1.9e-004	1.7e-022	0	0	0	0	0	0	0	0	0	0	0	0	0	0
Isl1	0	2.9e-007	3.7e-038	2.9e-015	0	0	0	0	0	0	0	0	0	0	0	0	0	0
ISL2	0	6.8e-026	3.0e-072	4.8e-008	0	0	0	0	0	0	0	0	0	0	0	0	0	0
ISX	0	1.2e-023	6.1e-074	1.1e-016	0	0	0	0	0	0	0	0	0	0	0	0	0	0
JDP2	0	0	2.1e-044	0	0	0	0	0	0	0	0	0	0	0	0	0	0	4.0e-003
JDP2(var.2)	0	0	0	0	0	0	0	0	0	0	0	0	0	0	0	0	0	0
JUN	0	0	7.8e-011	0	0	0	0	0	0	0	0	0	0	6.2e-001	0	0	0	0
JUNB	0	1.9e-015	3.6e-145	2.0e-008	0	0	2.8e-001	0	0	0	0	0	0	0	0	0	0	1.3e-003
JUNB(var.2)	0	0	0	0	0	0	0	0	0	0	0	0	0	0	0	0	0	0
JUND	0	9.7e-017	2.7e-157	1.9e-011	0	0	1.7e-001	0	0	0	0	0	0	0	0	0	0	9.5e-004
JUND(var.2)	0	0	1.2e-006	0	0	0	0	0	0	0	0	0	0	0	0	0	0	0
JUN::JUNB	0	1.8e-013	6.2e-144	1.2e-010	0	0	0	0	0	0	0	0	0	0	0	0	0	3.9e-001
JUN::JUNB(var.2)	0	0	2.3e-009	3.5e-001	0	0	0	0	0	0	0	0	0	0	0	0	0	0
JUN(var.2)	0	0	6.1e-067	0	0	3.8e-002	5.6e-002	0	0	0	0	0	0	0	0	0	0	1.3e-006
Klf1	0	0	3.9e-015	0	0	0	0	0	0	0	0	0	0	0	0	0	0	0
KLF10	0	4.3e-001	5.9e-005	1.7e-003	0	0	0	0	0	0	0	0	0	0	0	0	0	0
KLF11	0	0	3.4e-006	5.2e-002	0	0	0	0	0	0	0	0	0	0	0	0	0	0
Klf12	0	1.2e-015	0	0	0	0	0	0	0	0	0	0	0	0	0	0	0	0
KLF13	0	0	0	0	0	0	0	0	0	0	0	0	0	0	0	0	0	0
KLF14	0	0	0	0	0	0	0	0	0	0	0	0	0	0	0	0	0	0
KLF15	0	0	8.3e-004	0	0	0	0	0	0	0	0	0	0	0	0	0	0	0
KLF16	0	0	1.2e-005	0	0	0	0	0	0	0	0	0	0	0	0	0	0	0
KLF17	0	0	6.1e-009	7.0e-002	0	0	0	0	0	0	0	0	0	0	0	0	0	0
KLF2	0	0	4.6e-005	0	0	0	0	0	0	0	0	0	0	0	0	0	0	0
KLF3	0	4.2e-005	4.8e-011	0	0	0	0	0	0	0	0	0	0	0	0	0	0	0
KLF4	0	5.3e-082	1.0e-326	3.5e-107	0	0	0	0	0	0	0	0	0	0	0	0	0	0
KLF5	0	0	2.7e-027	1.0e0000	0	0	0	0	0	0	0	0	0	0	0	0	0	0
KLF6	0	0	1.2e-004	0	0	0	0	0	0	0	0	0	0	0	0	0	0	0
KLF9	0	0	1.3e-003	0	0	0	0	0	0	0	0	0	0	0	0	0	0	0
LBX1	0	8.6e-035	4.9e-089	1.1e-018	0	0	0	0	0	2.2e-001	0	0	0	0	0	0	0	0
LBX2	0	8.0e-026	4.9e-064	8.1e-019	0	0	0	0	0	0	0	0	0	0	0	0	0	0
LEF1	0	0	0	0	0	0	0	0	0	0	0	0	0	0	0	0	0	0
LHX1	0	4.9e-012	2.3e-036	2.3e-001	0	0	0	0	0	0	0	0	0	0	0	0	0	0
LHX2	0	1.3e-031	5.8e-099	4.0e-024	0	0	0	0	0	0	0	0	0	0	0	0	0	0
Lhx3	0	6.1e-020	3.3e-081	3.4e-012	0	0	0	0	0	0	0	0	0	0	0	0	0	0
Lhx4	0	4.9e-046	2.3e-127	1.8e-028	0	0	0	0	0	0	0	0	0	0	0	0	0	0
LHX5	0	4.3e-019	1.1e-071	3.1e-014	0	0	0	0	0	0	0	0	0	0	0	0	0	0
LHX6	0	1.6e-021	4.0e-056	2.5e-014	0	0	0	0	0	0	0	0	0	0	0	0	0	0
Lhx8	0	3.0e-023	8.1e-065	8.6e-011	0	0	0	0	0	0	0	0	0	0	0	0	0	0
LHX9	0	1.6e-017	6.3e-059	5.3e-013	0	0	0	0	0	0	0	0	0	0	0	0	0	0
LIN54	0	5.8e-041	2.2e-118	2.6e-019	0	0	0	0	0	0	0	0	0	0	0	0	0	0
LMX1A	0	6.2e-015	7.1e-057	6.2e-014	0	0	0	0	0	0	0	0	0	0	0	0	0	0
LMX1B	0	1.1e-004	5.3e-035	3.1e-003	0	0	0	0	0	0	0	0	0	0	0	0	0	0
MAF	0	0	5.4e-036	0	0	0	0	0	0	0	0	0	0	0	0	0	4.9e-007	0
MAFA	0	8.6e-006	1.1e-051	0	0	0	0	0	0	0	0	0	0	0	0	0	2.2e-008	0
Mafb	0	5.3e-010	3.5e-027	1.3e-015	0	0	0	0	0	0	0	0	0	0	0	0	0	0
MAFF	0	3.2e-016	7.9e-046	6.1e-016	0	0	0	0	0	0	0	0	0	0	0	0	0	0
MAFG	0	3.5e-007	2.0e-028	2.2e-009	0	0	0	0	0	0	0	0	0	0	0	0	0	0
MAFK	0	1.1e-066	1.2e-427	2.0e-059	0	0	0	0	0	0	0	0	0	0	0	0	0	1.9e-002
MAF::NFE2	0	1.1e-040	2.7e-159	3.8e-008	0	0	0	0	0	0	0	0	0	0	0	0	0	0
MAX	0	7.7e-019	3.6e-011	0	0	0	0	0	0	0	0	0	0	0	0	0	0	0
MAX::MYC	0	0	7.7e-001	0	0	0	0	0	0	0	0	0	0	0	0	0	5.6e-002	0
MAZ	0	0	8.0e-011	0	0	0	0	0	0	0	0	0	0	0	0	0	0	0
Mecom	0	2.8e-004	1.6e-021	2.6e-001	0	0	0	0	0	0	0	0	0	0	0	0	0	0
MEF2A	0	1.0e-044	8.4e-161	2.7e-033	0	0	0	0	0	0	0	0	0	0	0	0	2.7e-001	0
MEF2B	0	2.0e-001	2.9e-015	0	0	0	0	0	0	0	0	0	0	0	0	0	0	0
MEF2C	0	1.1e-037	1.5e-119	5.8e-029	0	0	0	0	0	0	0	0	0	0	0	0	1.5e-003	0
MEF2D	0	3.0e-003	2.3e-019	4.6e-002	0	0	0	0	0	0	0	0	0	0	0	0	0	0
MEIS1	0	0	0	0	0	0	0	0	0	0	0	0	0	0	0	0	0	0
MEIS1(var.2)	0	3.1e-027	4.9e-091	1.9e-017	0	0	0	0	0	0	0	0	0	0	0	0	0	0
MEIS2	0	1.5e-066	2.2e-168	1.2e-001	0	0	0	0	0	0	0	0	0	0	0	0	0	0
MEIS2(var.2)	0	2.0e-031	1.4e-103	9.3e-021	0	0	0	0	0	0	0	0	0	0	0	0	0	4.6e-003
MEIS3	0	4.6e-045	3.8e-067	0	0	0	0	0	0	0	0	0	0	0	0	0	0	0
MEOX1	0	2.5e-019	3.4e-068	4.7e-013	0	0	0	0	0	0	0	0	0	0	0	0	0	0
MEOX2	0	4.7e-030	1.6e-097	1.8e-019	0	0	0	0	0	0	0	0	0	0	0	0	0	0
MGA	0	8.3e-012	2.8e-040	3.0e-010	0	0	0	0	0	0	0	0	0	0	0	0	0	0
MITF	0	0	0	0	0	0	0	0	0	0	0	0	0	0	0	0	0	0
mix-a	0	4.2e-024	5.1e-072	3.3e-013	0	0	0	0	0	0	0	0	0	0	0	0	0	0
MIXL1	0	3.9e-036	2.8e-121	1.2e-027	0	0	0	0	0	0	0	0	0	0	0	0	0	0
MLX	0	0	1.0e0000	0	0	0	0	0	0	0	0	0	0	0	0	0	0	0
Mlxip	0	0	7.4e-001	0	0	0	0	0	0	0	0	0	0	0	0	0	0	0
MLXIPL	0	1.3e-002	2.4e-003	1.6e-003	0	0	0	0	0	0	0	0	0	0	0	0	0	0
MNT	0	1.5e-040	5.5e-022	0	0	0	0	0	0	0	0	0	0	0	0	0	0	0
MNX1	0	2.0e-032	7.0e-096	8.7e-029	0	0	0	0	0	0	0	0	0	0	0	0	0	0
MSANTD3	0	2.0e-018	2.2e-172	4.0e-068	0	0	0	0	0	0	0	0	0	0	0	0	0	0
MSC	0	0	0	0	0	1.2e-001	3.9e-001	0	0	0	0	0	0	0	0	0	0	0
MSGN1	0	7.2e-008	6.2e-025	0	0	0	0	0	0	0	0	0	0	0	0	0	0	0
MSX1	0	1.5e-023	1.2e-073	2.9e-017	0	0	0	0	0	0	0	0	0	0	0	0	0	0
MSX2	0	2.3e-029	4.4e-082	1.5e-016	0	0	0	0	0	0	0	0	0	0	0	0	0	0
Msx3	0	1.8e-030	4.0e-095	3.8e-017	0	0	0	0	0	0	0	0	0	0	0	0	0	0
MTF1	0	0	0	0	0	0	0	0	0	0	0	0	0	0	0	0	0	0
MXI1	0	3.2e-016	5.4e-015	0	0	0	0	0	0	0	0	0	0	0	0	0	0	0
MYB	0	4.6e-018	4.7e-038	1.3e-019	0	0	0	0	0	0	0	0	0	0	0	0	0	0
MYBL1	0	0	1.4e-012	0	0	0	0	0	0	0	0	0	0	0	0	0	0	0
MYBL2	0	0	0	3.4e-007	0	0	0	0	0	0	0	0	0	0	0	0	0	0
MYC	0	4.0e-085	3.9e-082	0	0	0	0	0	0	0	0	0	0	0	0	0	0	0
MYCN	0	2.9e-099	1.4e-152	4.5e-007	0	0	0	0	0	0	0	0	0	0	0	0	2.2e-001	0
MYF5	0	0	0	0	1.2e-001	5.5e-006	2.2e-001	0	0	0	0	0	0	0	0	0	0	0
MYF6	0	3.0e-001	3.1e-013	0	0	0	0	0	0	0	0	0	0	0	0	0	0	0
MYOD1	0	5.0e-043	8.4e-020	0	2.5e-001	6.5e-003	0	0	0	0	0	0	0	0	0	0	0	0
MYOG	0	0	2.3e-002	0	0	1.6e-002	1.3e-001	0	0	0	0	0	0	0	0	0	0	0
MZF1	0	7.3e-345	2.6e-1087	2.6e-221	6.8e-002	0	0	0	0	0	0	0	0	0	0	0	4.4e-059	0
MZF1(var.2)	0	7.1e-010	4.4e-066	0	0	0	0	0	0	0	0	0	0	0	0	0	0	0
NEUROD1	0	6.6e-025	1.5e-033	3.0e-003	4.1e-001	5.9e-001	0	0	0	0	0	0	0	0	0	0	0	0
NEUROD2	0	2.6e-008	7.3e-021	3.8e-004	0	0	0	0	0	0	0	0	0	0	0	0	4.5e-002	0
NEUROG1	0	6.8e-002	2.6e-007	0	0	0	0	0	0	0	0	0	0	0	0	0	0	0
NEUROG2	0	1.0e-001	1.3e-012	2.4e-002	0	0	0	0	0	0	0	0	0	0	0	0	0	0
NEUROG2(var.2)	0	1.2e-008	2.3e-015	1.2e-019	0	0	0	0	0	0	0	0	0	0	0	0	0	0
NFAT5	0	1.6e-035	2.4e-132	1.2e-194	0	0	0	0	0	3.9e-004	0	0	0	0	0	0	0	0
NFATC1	0	1.1e-079	3.0e-207	8.7e-208	7.4e-002	0	0	0	0	6.1e-004	0	0	0	0	0	0	0	0
NFATC2	0	9.2e-158	4.0e-480	2.1e-304	0	0	0	0	0	0	0	0	0	0	0	0	0	0
NFATC3	0	5.8e-068	2.6e-156	4.2e-232	0	0	0	0	0	2.1e-003	0	0	0	0	0	0	0	0
NFATC4	0	1.2e-073	3.9e-216	3.9e-204	0	0	0	0	0	0	0	0	0	0	0	0	0	0
NFE2	0	0	1.6e-004	0	0	0	0	0	0	0	0	0	0	0	0	0	0	5.1e-002
NFE2L1	0	1.6e-048	9.5e-234	1.1e-007	0	0	0	0	0	0	0	0	0	0	0	0	0	0
Nfe2l2	0	1.7e-045	7.6e-176	3.0e-007	0	0	0	0	0	0	0	0	0	0	0	0	0	0
NFIA	0	2.4e-103	3.0e-161	0	0	0	0	0	0	0	0	0	0	0	0	0	5.6e-012	0
NFIB	0	3.1e-014	8.7e-103	1.8e-009	0	2.4e-001	0	0	0	0	0	0	0	0	0	0	0	0
NFIC	0	4.6e-055	1.0e-151	0	0	0	0	0	0	1.1e-006	0	0	0	0	0	0	6.5e-064	0
NFIC::TLX1	0	0	0	0	0	0	0	0	0	0	0	0	0	0	0	0	0	0
NFIC(var.2)	0	2.2e-001	1.7e-007	0	0	0	0	0	0	4.6e-001	0	0	0	0	0	0	0	0
NFIL3	0	2.7e-025	2.4e-072	1.8e-026	0	0	0	0	0	0	0	0	0	0	0	0	0	0
NFIX	0	8.2e-140	2.1e-360	1.3e-020	0	0	0	0	0	3.5e-001	0	0	0	0	0	0	1.9e-034	0
NFIX(var.2)	0	3.6e-056	1.6e-274	2.7e-023	0	0	0	0	0	4.8e-001	0	0	0	0	0	0	0	0
NFKB1	0	1.0e-087	4.6e-279	5.8e-030	1.5e-003	1.4e-001	0	0	0	0	0	0	0	0	0	0	1.0e-158	0
NFKB2	0	6.3e-639	1.8e-2148	9.9e-471	7.7e-010	2.8e-010	2.4e-001	0	0	1.1e-001	0	1.8e-002	0	1.1e-001	0	0	1.2e-211	0
NFYA	0	0	9.4e-005	0	0	0	0	0	0	0	0	0	0	0	0	0	0	0
NFYB	0	4.5e-058	9.4e-072	0	0	0	0	0	0	0	0	0	0	0	0	0	2.0e-030	0
NFYC	0	1.9e-001	1.6e-002	0	0	0	0	0	0	0	0	0	0	0	0	0	0	0
NHLH1	0	8.3e-012	1.4e-014	2.6e-003	0	2.3e-001	4.6e-003	0	0	0	0	0	0	0	0	0	0	0
NHLH2	0	0	1.1e-050	7.8e-028	0	6.5e-003	0	0	0	0	0	0	0	0	0	0	0	0
NKX2-2	0	2.6e-289	1.8e-1085	5.5e-406	0	0	0	0	0	0	0	0	0	0	0	0	0	0
NKX2-3	0	8.0e-087	2.8e-383	4.8e-167	0	0	0	0	0	0	0	0	0	0	0	0	0	0
NKX2-5	0	7.9e-052	3.4e-292	1.6e-125	0	0	0	0	0	0	0	0	0	0	0	0	0	0
Nkx2-5(var.2)	0	4.3e-196	1.9e-818	1.6e-322	0	0	0	0	0	0	0	0	0	0	0	0	0	0
NKX2-8	0	1.0e-199	1.1e-726	3.8e-276	0	0	0	0	0	0	0	0	0	0	0	0	0	0
Nkx3-1	0	0	4.8e-017	0	0	0	0	0	0	0	0	0	0	0	0	0	0	0
Nkx3-2	0	2.7e-012	3.8e-033	2.3e-011	0	0	0	0	0	0	0	0	0	0	0	0	0	0
NKX6-1	0	8.0e-036	1.3e-118	4.8e-025	0	0	0	0	0	0	0	0	0	0	0	0	0	0
NKX6-2	0	7.8e-036	5.9e-119	3.4e-029	0	0	0	0	0	0	0	0	0	0	0	0	0	0
NKX6-3	0	3.4e-022	4.2e-064	3.2e-015	0	0	0	0	0	0	0	0	0	0	0	0	0	0
Nobox	0	8.5e-032	1.3e-092	2.4e-018	0	0	0	0	0	0	0	0	0	0	0	0	0	0
NOTO	0	2.1e-034	3.3e-087	1.6e-018	0	0	0	0	0	2.9e-001	0	0	0	0	0	0	0	0
Npas2	0	1.0e-005	2.7e-015	1.7e-006	0	0	0	0	0	0	0	0	0	0	0	0	0	0
NR1D1	0	0	0	0	0	0	0	0	0	0	0	0	0	0	0	0	0	0
NR1D2	0	0	3.3e-009	0	0	0	0	0	0	0	0	0	0	0	0	0	0	0
NR1H2::RXRA	0	0	0	0	0	0	0	0	0	0	0	0	0	0	0	0	0	0
Nr1h3::Rxra	0	0	1.6e-005	0	0	0	0	0	0	0	0	0	0	0	0	0	1.1e-010	0
NR1H4	0	0	5.5e-006	5.9e-001	0	0	0	0	0	0	0	0	0	0	0	0	0	0
NR1H4::RXRA	0	6.7e-003	1.7e-002	4.4e-006	0	0	0	0	0	0	0	0	0	0	0	0	1.6e-006	0
NR1I2	0	0	0	0	0	0	0	0	0	0	0	0	0	0	0	0	0	0
NR1I3	0	6.0e-001	2.1e-018	9.5e-008	0	0	0	0	0	0	0	0	0	0	0	0	0	0
NR2C1	0	3.3e-057	1.4e-225	9.6e-061	0	0	0	0	0	0	0	0	0	5.0e-001	0	0	0	0
NR2C2	0	1.6e-005	1.7e-022	5.5e-001	0	0	0	0	0	0	0	0	0	0	0	0	0	0
NR2C2(var.2)	0	1.4e-071	4.0e-275	7.1e-073	0	0	0	0	0	0	0	0	0	0	0	0	1.8e-008	0
Nr2e1	0	7.4e-004	1.4e-028	2.8e-008	0	0	0	0	0	0	0	0	0	0	0	0	0	0
Nr2e3	0	1.3e-004	3.4e-030	6.3e-007	0	0	0	0	0	0	0	0	0	0	0	0	0	0
NR2F1	0	8.9e-056	4.1e-203	2.4e-019	0	0	0	0	0	0	0	0	0	3.1e-002	0	0	0	0
NR2F1(var.2)	0	0	6.3e-003	0	0	0	0	0	0	0	0	0	0	0	0	0	0	0
NR2F1(var.3)	0	0	1.6e-006	0	0	0	0	0	0	0	0	0	0	0	0	0	0	0
NR2F2	0	0	0	0	0	0	0	0	0	0	0	0	0	5.2e-001	0	0	0	0
Nr2f6	0	3.9e-002	5.2e-010	0	0	0	0	0	0	0	0	0	0	0	0	0	0	0
Nr2f6(var.2)	0	0	0	0	0	0	0	0	0	0	0	0	0	0	0	0	0	0
NR2F6(var.3)	0	0	3.4e-002	0	0	0	0	0	0	0	0	0	0	0	0	0	0	0
NR3C1	0	0	0	0	0	0	0	0	0	0	0	0	0	0	0	0	0	0
NR3C2	0	0	0	0	0	0	0	0	0	0	0	0	0	0	0	0	0	0
NR4A1	0	5.7e-146	8.8e-587	6.6e-234	0	0	0	0	0	0	0	0	0	0	0	0	0	0
NR4A2	0	0	1.2e-015	0	0	0	0	0	0	0	0	0	0	2.5e-002	0	0	0	0
NR4A2::RXRA	0	0	1.4e-006	2.5e-001	0	0	0	0	0	0	0	0	0	0	0	0	0	0
NR5A1	0	1.8e-052	2.0e-211	1.9e-024	0	0	0	0	0	0	0	0	0	3.9e-004	0	0	0	0
Nr5a2	0	0	0	0	0	0	0	0	0	0	0	0	0	6.7e-001	0	0	0	0
NR6A1	0	0	3.7e-004	9.9e-005	0	0	0	0	0	0	0	0	0	0	0	0	1.6e-002	0
NRF1	0	2.4e-007	0	0	0	0	0	0	0	0	0	0	0	0	0	0	0	0
NRL	0	1.1e-004	2.5e-010	2.4e-002	0	0	0	0	0	0	0	0	0	0	0	0	0	0
OLIG1	0	3.6e-005	5.5e-020	0	0	0	0	0	0	0	0	0	0	0	0	0	0	0
OLIG2	0	2.6e-007	2.2e-031	0	0	0	0	0	0	0	0	0	0	0	0	0	0	0
OLIG3	0	5.4e-004	2.3e-023	0	0	0	0	0	0	0	0	0	0	0	0	0	0	0
ONECUT1	0	4.4e-035	1.2e-099	4.2e-029	0	0	0	0	0	0	0	0	0	0	0	0	0	0
ONECUT2	0	4.0e-012	3.3e-051	5.1e-011	0	0	0	0	0	0	0	0	0	0	0	0	0	0
ONECUT3	0	1.1e-015	5.5e-048	5.2e-017	0	0	0	0	0	0	0	0	0	0	0	0	0	0
OSR1	0	0	4.6e-007	0	0	0	0	0	0	0	0	0	0	0	0	0	0	0
OSR2	0	0	2.3e-002	0	0	0	0	0	0	0	0	0	0	0	0	0	0	0
OTX1	0	1.7e-023	1.6e-085	4.7e-035	0	0	0	0	0	0	0	0	0	0	0	0	0	0
OTX2	0	1.1e-077	2.1e-229	9.0e-104	0	0	0	0	0	0	0	0	0	0	0	0	0	0
OVOL1	0	0	0	0	0	0	0	0	0	0	0	0	0	0	0	0	0	0
OVOL2	0	0	0	0	0	0	0	0	0	0	0	0	0	0	0	0	0	0
PAX1	0	0	0	0	0	0	0	0	0	0	0	0	0	0	0	0	0	0
Pax2	0	2.1e-019	1.1e-057	4.1e-016	0	0	0	0	0	0	0	0	0	0	0	0	0	0
PAX3	0	2.7e-010	4.7e-046	1.1e-003	0	0	0	0	0	0	0	0	0	0	0	0	0	0
PAX3(var.2)	0	0	2.5e-004	6.7e-002	0	0	0	0	0	0	0	0	0	0	0	0	0	0
PAX4	0	9.5e-031	2.0e-084	2.3e-019	0	0	0	0	0	0	0	0	0	0	0	0	0	0
PAX5	0	0	0	4.9e-022	0	0	0	0	0	0	0	0	0	0	0	0	0	0
PAX6	0	0	1.1e-011	0	0	0	0	0	0	0	0	0	0	0	0	0	0	0
PAX7	0	6.7e-004	2.1e-032	0	0	0	0	0	0	0	0	0	0	0	0	0	0	0
PAX9	0	0	0	0	0	0	0	0	0	0	0	0	0	0	0	0	0	0
PBX1	0	1.0e-006	6.7e-032	0	0	0	0	0	0	0	0	0	0	0	0	0	0	0
PBX2	0	7.0e-038	1.2e-119	2.8e-020	0	0	0	0	0	0	0	0	0	0	0	0	0	0
PBX3	0	2.5e-018	2.6e-046	0	0	0	0	0	0	0	0	0	0	0	0	0	3.7e-011	0
PDX1	0	9.4e-027	3.7e-100	1.5e-018	0	0	0	0	0	0	0	0	0	0	0	0	0	0
PHOX2A	0	1.9e-036	1.1e-128	5.0e-023	0	0	0	0	0	0	0	0	0	0	0	0	0	0
PHOX2B	0	6.4e-046	2.1e-145	9.0e-029	0	0	0	0	0	0	0	0	0	0	0	0	0	0
PITX1	0	4.0e-013	1.5e-033	8.1e-004	0	0	0	0	0	0	0	0	0	0	0	0	0	0
PITX2	0	1.0e-116	1.5e-446	2.2e-158	0	0	0	0	0	0	0	0	0	0	0	0	0	0
PITX3	0	3.4e-095	4.4e-339	1.0e-134	0	0	0	0	0	0	0	0	0	0	0	0	0	0
PKNOX1	0	0	3.9e-010	2.0e-010	0	0	0	0	0	0	0	0	0	0	0	0	0	0
PKNOX2	0	0	0	0	0	0	0	0	0	0	0	0	0	0	0	0	0	0
PLAG1	0	1.7e-009	2.2e-051	0	0	0	0	0	0	0	0	0	0	0	0	0	0	0
Plagl1	0	9.2e-003	1.5e-024	8.3e-003	0	0	0	0	0	0	0	0	0	0	0	0	2.4e-018	0
PLAGL2	0	0	1.9e-008	0	0	0	0	0	0	0	0	0	0	0	0	0	6.9e-019	0
POU1F1	0	7.4e-033	3.4e-103	2.4e-016	0	0	0	0	0	5.2e-006	0	0	0	0	0	0	0	0
POU2F1	0	9.5e-034	3.9e-116	1.2e-032	0	0	0	0	0	3.4e-001	0	0	0	0	0	0	0	0
POU2F2	0	2.4e-012	9.5e-056	5.5e-011	0	0	0	0	0	0	0	0	0	0	0	0	0	0
POU2F3	0	3.1e-023	7.0e-100	2.1e-025	0	0	0	0	0	0	0	0	0	0	0	0	0	0
POU3F1	0	9.9e-038	5.3e-139	1.1e-029	0	0	0	0	0	3.4e-001	0	0	0	0	0	0	0	0
POU3F2	0	5.5e-033	5.2e-111	1.8e-020	0	0	0	0	0	3.0e-003	0	0	0	0	0	0	0	0
POU3F3	0	1.3e-042	4.7e-139	1.8e-031	0	0	0	0	0	0	0	0	0	0	0	0	0	0
POU3F4	0	1.6e-019	1.1e-094	8.9e-027	0	0	0	0	0	2.3e-003	0	0	0	0	0	0	0	0
POU4F1	0	3.5e-029	4.6e-136	2.6e-032	0	0	0	0	0	0	0	0	0	0	0	0	0	0
POU4F2	0	3.0e-004	1.4e-039	9.0e-003	0	0	0	0	0	0	0	0	0	0	0	0	0	0
POU4F3	0	2.4e-028	3.0e-140	1.8e-025	0	0	0	0	0	0	0	0	0	0	0	0	0	0
POU5F1	0	8.8e-021	3.7e-111	2.4e-028	0	0	0	0	0	0	0	0	0	0	0	0	0	0
POU5F1B	0	9.3e-036	6.0e-125	4.0e-032	0	0	0	0	0	6.2e-002	0	0	0	0	0	0	5.8e-002	0
Pou5f1::Sox2	0	3.6e-004	1.7e-013	3.7e-007	0	0	0	0	0	1.8e-002	0	0	0	0	0	0	0	0
POU6F1	0	5.3e-027	4.5e-092	1.4e-017	0	0	0	0	0	2.0e-002	0	0	0	0	0	0	0	0
POU6F1(var.2)	0	3.2e-038	9.1e-089	1.4e-007	0	0	0	0	0	0	0	0	0	0	0	0	0	0
POU6F2	0	1.5e-031	7.2e-086	3.8e-014	0	0	0	0	0	4.0e-003	0	0	0	0	0	0	0	0
PPARA::RXRA	0	5.1e-010	1.5e-025	0	0	0	0	0	0	0	0	0	0	0	0	0	0	0
PPARD	0	0	7.4e-005	0	0	0	0	0	0	0	0	0	0	0	0	0	0	0
PPARG	0	2.0e-071	7.6e-251	2.4e-018	0	0	0	0	0	0	0	0	0	0	0	0	0	0
Pparg::Rxra	0	7.5e-004	3.9e-022	2.8e-008	0	0	0	0	0	0	0	0	0	0	0	0	0	0
PRDM1	0	2.7e-010	1.3e-013	1.5e-007	0	0	0	0	0	0	0	0	0	0	0	0	1.5e-010	0
Prdm15	0	7.9e-003	1.6e-095	6.5e-061	0	0	0	0	0	0	0	3.6e-008	0	0	0	0	1.9e-018	0
PRDM4	0	0	3.6e-008	6.3e-010	0	0	0	0	0	0	0	0	0	0	0	0	0	0
PROP1	0	8.8e-034	7.1e-102	8.8e-029	0	0	0	0	0	0	0	0	0	0	0	0	0	0
PROX1	0	0	3.0e-004	0	0	0	0	0	0	0	0	0	0	0	0	0	0	0
PRRX1	0	1.1e-041	8.7e-128	1.1e-026	0	0	0	0	0	0	0	0	0	0	0	0	0	0
PRRX2	0	8.0e-024	2.8e-074	9.7e-010	0	0	0	0	0	0	0	0	0	0	0	0	0	0
Ptf1a	0	4.1e-007	5.8e-016	1.8e-006	0	7.7e-002	0	0	8.4e-002	0	0	0	0	0	0	2.2e-001	0	0
Ptf1a(var.2)	0	3.7e-016	3.2e-020	0	0	6.0e-007	1.9e-002	0	0	0	0	0	0	8.6e-001	0	0	0	0
Ptf1a(var.3)	0	2.2e-058	3.5e-059	0	0	4.2e-001	0	0	0	0	0	0	0	0	0	0	0	0
RARA	0	0	0	0	0	0	0	0	0	0	0	0	0	0	0	0	0	0
RARA::RXRA	0	4.8e-013	3.1e-083	8.1e-033	0	0	0	0	0	0	0	0	0	0	0	0	0	0
RARA::RXRG	0	2.9e-021	3.6e-143	3.7e-069	0	0	0	0	0	0	0	0	0	0	0	0	2.1e-028	0
RARA(var.2)	0	0	9.1e-028	0	0	0	0	0	0	0	0	0	0	0	0	0	0	0
Rarb	0	0	6.1e-007	0	0	0	0	0	0	0	0	0	0	0	0	0	0	0
Rarb(var.2)	0	0	1.9e-026	0	0	0	0	0	0	0	0	0	0	0	0	0	0	0
RARB(var.3)	0	0	0	0	0	0	0	0	0	0	0	0	0	0	0	0	0	0
Rarg	0	0	4.0e-012	0	0	0	0	0	0	0	0	0	0	0	0	0	0	0
Rarg(var.2)	0	0	0	0	0	0	0	0	0	0	0	0	0	0	0	0	0	0
RARG(var.3)	0	0	0	0	0	0	0	0	0	0	0	0	0	0	0	0	0	0
RAX	0	3.5e-043	4.0e-114	8.7e-029	0	0	0	0	0	0	0	0	0	0	0	0	0	0
RAX2	0	3.8e-035	7.8e-100	7.8e-024	0	0	0	0	0	0	0	0	0	0	0	0	0	0
RBPJ	0	8.8e-200	3.5e-1148	1.1e-144	7.0e-004	0	0	0	0	1.1e-003	0	7.9e-008	0	0	0	0	7.4e-002	0
Rbpjl	0	9.0e-057	6.0e-051	0	0	3.5e-001	0	0	0	0	0	0	0	0	0	0	0	0
REL	0	7.7e-829	3.4e-2843	1.9e-705	1.1e-028	1.8e-023	9.0e-007	9.6e-001	0	6.2e-036	2.3e-001	4.8e-010	0	8.5e-014	0	0	1.8e-163	0
RELA	0	9.2e-742	1.8e-2683	4.5e-669	4.1e-041	3.5e-027	8.4e-011	0	0	8.6e-033	0	1.3e-016	0	1.9e-017	6.1e-001	0	9.1e-240	0
RELB	0	2.5e-396	4.6e-1633	7.5e-152	2.6e-011	1.5e-003	0	0	0	0	0	0	0	4.0e-002	0	0	2.0e-169	0
REST	0	5.9e-020	4.4e-110	2.1e-016	0	0	0	0	0	0	0	0	0	0	0	0	0	0
RFX1	0	9.7e-222	6.1e-458	4.3e-134	0	0	0	0	0	3.0e-006	0	0	0	0	0	0	8.1e-002	0
RFX2	0	0	0	0	0	0	0	0	0	4.4e-001	0	0	0	0	0	0	0	0
RFX3	0	4.0e-190	1.6e-422	9.7e-126	0	0	0	0	0	2.9e-001	0	0	0	0	0	0	1.4e-010	0
RFX4	0	0	2.0e-003	0	0	0	0	0	0	3.1e-004	0	0	0	0	0	0	0	0
RFX5	0	0	3.2e-008	0	0	0	0	0	0	1.2e-003	0	0	0	0	0	0	0	0
RFX7	0	3.7e-299	6.3e-909	9.4e-185	0	0	0	0	0	0	0	0	0	0	0	0	0	0
Rhox11	0	1.0e-009	2.1e-039	1.2e-011	0	0	0	0	0	0	0	0	0	0	0	0	0	0
RHOXF1	0	1.9e-173	3.6e-562	1.2e-106	0	0	0	0	0	0	0	0	0	0	0	0	4.7e-003	0
RORA	0	5.1e-038	1.0e-145	1.4e-010	0	0	0	0	0	0	0	0	0	0	0	0	0	0
RORA(var.2)	0	0	0	0	0	0	0	0	0	0	0	0	0	0	0	0	0	0
RORB	0	3.7e-002	1.6e-003	0	0	0	0	0	0	0	0	0	0	0	0	0	0	0
RORC	0	6.4e-006	3.2e-023	2.3e-009	0	0	0	0	0	0	0	0	0	0	0	0	0	0
RREB1	0	8.5e-002	1.7e-012	0	0	0	0	0	0	0	0	0	0	0	0	0	0	0
RUNX1	0	0	3.0e-005	3.4e-005	0	0	0	0	0	0	0	0	0	0	0	0	6.8e-018	0
RUNX2	0	0	1.3e-004	0	0	0	0	0	0	0	0	0	0	0	0	0	6.4e-031	0
RUNX3	0	7.1e-013	4.0e-026	6.4e-006	0	0	0	0	0	0	0	0	0	0	0	0	0	0
Rxra	0	0	0	0	0	0	0	0	0	0	0	0	0	0	0	0	0	0
RXRA::VDR	0	0	1.9e-022	5.2e-004	0	0	0	0	0	0	0	0	0	0	0	0	0	0
RXRB	0	0	0	0	0	0	0	0	0	0	0	0	0	0	0	0	0	0
RXRB(var.2)	0	0	0	0	0	0	0	0	0	0	0	0	0	0	0	0	0	0
RXRG	0	0	0	0	0	0	0	0	0	0	0	0	0	0	0	0	0	0
RXRG(var.2)	0	0	0	0	0	0	0	0	0	0	0	0	0	0	0	0	0	0
SCRT1	0	0	4.3e-004	3.6e-003	0	0	0	0	0	0	0	0	0	0	0	0	0	0
SCRT2	0	0	6.5e-004	3.4e-001	0	0	0	0	0	0	0	0	0	0	0	0	0	0
SHOX	0	3.3e-044	9.6e-125	2.1e-026	0	0	0	0	0	0	0	0	0	0	0	0	0	0
Shox2	0	2.2e-039	1.4e-108	3.9e-020	0	0	0	0	0	0	0	0	0	0	0	0	0	0
SIX1	0	1.8e-008	2.4e-036	1.1e-001	0	0	0	0	0	0	0	0	0	0	0	0	0	0
SIX2	0	6.9e-008	1.3e-030	0	0	0	0	0	0	0	0	0	0	0	0	0	0	0
Six3	0	3.4e-010	1.4e-027	1.8e-003	0	0	0	0	0	0	0	0	0	0	0	0	0	0
Smad2::Smad3	0	3.5e-030	8.8e-311	7.9e-050	0	0	0	0	0	0	0	0	0	0	0	0	0	6.7e-005
SMAD2::SMAD3::SMAD4	0	1.8e-037	2.1e-205	5.0e-084	0	0	0	0	0	0	0	0	0	0	0	0	0	0
SMAD3	0	0	0	0	0	0	0	0	0	0	0	0	0	0	0	0	0	0
Smad4	0	0	8.9e-010	0	0	0	0	0	0	0	0	0	0	0	0	0	0	0
SMAD5	0	7.5e-001	5.6e-003	0	0	0	0	0	0	0	0	0	0	0	0	0	0	0
SNAI1	0	2.3e-066	1.6e-035	0	0	0	0	0	0	0	0	0	0	0	0	0	0	0
SNAI2	0	1.5e-070	4.4e-068	0	0	0	0	0	0	0	0	0	0	0	0	0	0	0
SNAI3	0	6.7e-027	2.3e-038	0	0	0	0	0	0	0	0	0	0	0	0	0	0	0
SOHLH2	0	4.5e-007	2.0e-014	0	0	0	0	0	0	0	0	0	0	0	0	0	0	0
Sox1	0	0	0	0	0	0	0	0	0	0	0	0	0	0	0	0	0	0
SOX10	0	0	0	0	0	0	0	0	0	0	0	0	0	0	0	0	0	0
Sox11	0	0	0	0	0	0	0	0	0	0	0	0	0	0	0	0	0	0
SOX12	0	1.9e-004	1.1e-046	2.0e-005	0	0	0	0	0	0	0	0	0	0	0	0	0	0
SOX13	0	1.6e-005	1.4e-014	0	0	0	0	0	0	0	0	0	0	0	0	0	0	0
SOX14	0	3.6e-007	6.5e-012	0	0	0	0	0	0	0	0	0	0	0	0	0	0	0
SOX15	0	1.2e-011	1.0e-043	6.4e-006	0	0	0	0	0	1.1e-001	0	0	0	0	0	0	0	0
Sox17	0	1.3e-004	3.4e-019	0	0	0	0	0	0	0	0	0	0	0	0	0	1.6e-002	0
SOX18	0	0	6.6e-008	8.5e-006	0	0	0	0	0	0	0	0	0	0	0	0	0	0
SOX2	0	5.0e-007	5.4e-021	0	0	0	0	0	0	0	0	0	0	0	0	0	0	0
SOX21	0	0	0	0	0	0	0	0	0	0	0	0	0	0	0	0	0	0
Sox3	0	3.5e-014	2.8e-041	1.6e-009	0	0	0	0	0	0	0	0	0	0	0	0	0	0
SOX4	0	0	8.7e-017	0	0	0	0	0	0	0	0	0	0	0	0	0	0	0
Sox5	0	4.6e-017	1.6e-041	3.1e-006	0	0	0	0	0	0	0	0	0	0	0	0	2.3e-001	0
Sox6	0	2.1e-004	4.3e-023	1.5e-008	0	0	0	0	0	0	0	0	0	0	0	0	0	0
SOX8	0	6.2e-010	4.8e-032	0	0	0	0	0	0	0	0	0	0	0	0	0	0	0
SOX9	0	1.7e-001	6.8e-014	0	0	0	0	0	0	0	0	0	0	0	0	0	0	0
SP1	0	0	0	0	0	0	0	0	0	0	0	0	0	0	0	0	0	0
SP2	0	2.9e-002	4.8e-020	4.7e-001	0	0	0	0	0	0	0	0	0	0	0	0	0	0
SP3	0	0	5.5e-013	0	0	0	0	0	0	0	0	0	0	0	0	0	0	0
SP4	0	0	0	0	0	0	0	0	0	0	0	0	0	0	0	0	0	0
SP8	0	0	2.1e-004	2.3e-004	0	0	0	0	0	0	0	0	0	0	0	0	0	0
SP9	0	0	1.7e-009	0	0	0	0	0	0	0	0	0	0	0	0	0	0	0
SPDEF	0	0	0	0	7.5e-002	0	0	0	0	0	0	0	0	0	0	0	0	0
SPI1	0	4.6e-199	5.8e-584	2.1e-058	1.7e-004	0	0	0	0	0	0	0	0	0	0	0	0	0
SPIB	0	3.6e-375	1.5e-1150	6.6e-165	9.7e-001	2.9e-002	0	0	0	0	0	0	0	0	0	0	0	0
SPIC	0	0	6.9e-007	7.7e-002	0	0	0	0	0	0	0	0	0	0	0	0	0	0
Spz1	0	0	3.1e-004	0	0	0	0	0	0	0	0	0	0	0	0	0	0	0
SREBF1	0	0	9.7e-004	0	0	0	0	0	0	0	0	0	0	0	0	0	0	0
SREBF1(var.2)	0	0	0	0	0	0	0	0	0	0	0	0	0	0	0	0	0	0
SREBF2	0	0	4.7e-006	3.1e-001	0	0	0	0	0	1.4e-001	0	0	0	0	0	0	0	0
SREBF2(var.2)	0	0	0	0	0	0	0	0	0	0	0	0	0	0	0	0	0	0
SRF	0	0	0	0	0	0	0	0	0	0	0	0	0	0	0	0	0	0
SRY	0	1.0e-027	1.8e-088	8.6e-023	0	0	0	0	0	0	0	0	0	0	0	0	0	0
STAT1	0	1.8e-075	8.0e-105	4.1e-262	0	2.2e-003	0	0	0	0	0	4.2e-002	0	0	0	0	3.4e-002	0
STAT1::STAT2	0	1.3e-148	2.3e-545	1.1e-059	0	0	0	0	0	0	0	0	0	0	0	0	0	0
Stat2	0	7.5e-031	1.6e-064	3.4e-018	0	0	0	0	0	0	0	0	0	0	0	0	0	0
STAT3	0	2.6e-076	1.3e-095	7.8e-286	7.1e-003	1.2e-006	0	0	0	1.9e-006	0	8.3e-003	0	0	0	0	2.7e-006	0
Stat4	0	2.9e-034	6.9e-026	3.9e-185	0	5.2e-004	0	0	0	7.3e-001	0	0	0	0	0	0	0	0
Stat5a	0	8.6e-036	1.1e-075	6.9e-130	7.3e-002	0	0	0	0	0	0	1.9e-004	0	0	0	0	2.0e-005	0
Stat5a::Stat5b	0	5.8e-043	7.4e-074	4.4e-100	0	0	0	0	0	0	0	5.4e-001	0	0	0	0	1.0e-018	0
Stat5b	0	2.0e-034	1.4e-278	7.2e-008	0	0	0	0	0	0	0	1.3e-008	0	0	0	0	2.7e-007	0
Stat6	0	1.7e-012	2.5e-025	2.6e-004	0	0	0	0	0	0	0	0	0	0	0	0	0	0
TAL1::TCF3	0	6.2e-003	6.7e-009	0	0	0	0	0	0	0	0	0	0	0	0	2.9e-001	0	0
TBP	0	5.0e-036	7.9e-132	3.4e-025	0	0	0	0	0	0	0	0	0	0	0	0	0	0
TBR1	0	3.6e-016	4.4e-040	1.5e-010	0	0	0	0	0	0	0	0	0	0	0	0	0	0
TBX1	0	2.4e-014	4.5e-027	1.0e-008	0	0	0	0	0	0	0	0	0	0	0	0	0	0
TBX15	0	0	3.0e-018	4.9e-005	0	0	0	0	0	0	0	0	0	0	0	0	0	0
TBX18	0	3.8e-005	4.9e-030	0	0	0	0	0	0	0	0	0	0	0	0	0	0	0
TBX19	0	0	2.8e-009	0	0	0	0	0	0	0	0	0	0	0	0	0	0	0
TBX20	0	1.7e-013	1.1e-027	7.1e-006	0	0	0	0	0	0	0	0	0	0	0	0	0	0
TBX2	0	5.8e-016	1.2e-050	1.4e-011	0	0	0	0	0	0	0	0	0	0	0	0	0	0
TBX21	0	8.3e-018	9.1e-041	4.2e-009	0	0	0	0	0	0	0	0	0	0	0	0	0	0
TBX3	0	6.6e-004	1.7e-026	0	0	0	0	0	0	0	0	0	0	0	0	0	0	0
TBX4	0	8.3e-010	1.8e-045	1.2e-010	0	0	0	0	0	0	0	0	0	0	0	0	0	0
TBX5	0	3.4e-001	7.3e-019	8.0e-003	0	0	0	0	0	0	0	0	0	0	0	0	0	0
TBX6	0	3.4e-007	1.5e-044	8.9e-009	0	0	0	0	0	0	0	0	0	0	0	0	0	0
TBXT	0	0	8.2e-004	0	0	0	0	0	0	0	0	0	0	0	0	0	0	0
Tcf12	0	6.5e-020	5.0e-023	2.0e-002	1.0e-001	4.4e-002	1.4e-001	0	0	0	0	0	0	0	0	0	0	0
TCF12(var.2)	0	6.7e-123	1.7e-257	4.6e-007	0	0	0	0	0	0	0	0	0	0	0	0	0	0
TCF21(var.2)	0	0	5.4e-017	0	0	0	0	0	0	0	0	0	0	0	0	0	1.6e-001	0
TCF3	0	5.2e-123	2.5e-192	1.7e-005	0	0	0	0	0	0	0	0	0	0	0	0	0	0
TCF4	0	7.6e-118	3.5e-145	6.2e-006	0	0	0	0	0	0	0	0	0	0	0	0	0	0
TCF7	0	1.1e-014	4.7e-052	3.4e-013	0	0	0	0	0	0	0	0	0	0	0	0	0	0
TCF7L1	0	1.9e-002	2.1e-020	1.5e-003	0	0	0	0	0	0	0	0	0	0	0	0	0	0
TCF7L2	0	1.2e-012	5.3e-029	2.3e-004	0	0	0	0	0	0	0	0	0	0	0	0	0	0
TCFL5	0	5.1e-016	4.2e-005	0	0	0	0	0	0	0	0	0	0	0	0	0	0	0
TEAD1	0	3.1e-082	2.8e-415	1.2e-101	8.0e-001	1.2e-001	0	0	0	9.9e-008	0	0	0	0	0	0	2.6e-009	0
TEAD2	0	1.2e-052	2.6e-292	8.1e-054	0	1.5e-001	0	0	0	1.2e-007	0	0	0	0	0	0	1.2e-014	0
TEAD3	0	1.3e-019	2.5e-077	0	0	1.6e-001	0	0	0	5.9e-008	0	0	0	0	0	0	1.1e-040	0
TEAD4	0	6.8e-088	5.1e-397	3.9e-095	0	7.5e-003	0	0	0	7.5e-007	0	0	0	0	0	0	1.4e-011	0
TEF	0	3.1e-001	1.4e-019	2.3e-001	0	0	0	0	0	0	0	0	0	0	0	0	0	0
TFAP2A	0	1.6e-086	2.0e-201	2.2e-015	0	0	0	0	0	0	0	0	0	0	0	0	1.6e-003	0
TFAP2A(var.2)	0	7.9e-155	1.8e-152	2.9e-008	0	0	0	0	0	0	0	0	0	0	0	0	1.8e-006	0
TFAP2A(var.3)	0	3.2e-142	7.9e-531	1.6e-132	0	0	0	0	0	0	0	0	0	0	0	0	0	0
TFAP2B	0	6.7e-151	2.5e-166	0	0	0	0	0	0	0	0	0	0	0	0	0	3.1e-003	0
TFAP2B(var.2)	0	0	1.0e-001	0	0	0	0	0	0	0	0	0	0	0	0	0	2.5e-002	0
TFAP2B(var.3)	0	5.8e-148	1.6e-531	4.9e-144	0	0	0	0	0	0	0	0	0	0	0	0	0	0
TFAP2C	0	5.0e-167	8.7e-174	1.7e-010	0	0	0	0	0	0	0	0	0	0	0	0	1.3e-007	0
TFAP2C(var.2)	0	2.7e-035	1.8e-105	1.6e-013	0	0	0	0	0	0	0	0	0	0	0	0	0	0
TFAP2C(var.3)	0	3.1e-147	1.7e-529	7.4e-132	0	0	0	0	0	0	0	0	0	0	0	0	0	0
TFAP2E	0	0	0	0	0	0	0	0	0	0	0	0	0	0	0	0	0	0
TFAP4	0	0	0	0	0	7.4e-002	1.3e-001	0	0	0	0	0	0	6.4e-002	0	0	0	0
TFAP4(var.2)	0	9.8e-019	1.1e-025	3.7e-001	0	0	0	0	0	0	0	0	0	0	0	0	0	0
TFCP2	0	0	1.2e-017	4.3e-004	0	0	0	0	0	0	0	0	0	0	0	0	0	0
TFDP1	0	9.7e-064	2.1e-144	8.7e-102	0	0	0	0	0	0	0	0	0	0	0	0	0	0
TFE3	0	0	5.6e-003	6.2e-003	0	0	0	0	0	0	0	0	0	0	0	0	0	0
TFEB	0	0	2.3e-002	0	0	0	0	0	0	0	0	0	0	0	0	0	0	0
TFEC	0	0	1.0e-001	0	0	0	0	0	0	0	0	0	0	0	0	0	0	0
TGIF1	0	0	0	0	0	0	0	0	0	0	0	0	0	0	0	0	0	0
TGIF2	0	0	2.5e-001	0	0	0	0	0	0	0	0	0	0	0	0	0	0	0
TGIF2LX	0	0	4.5e-005	6.4e-001	0	0	0	0	0	0	0	0	0	0	0	0	0	0
TGIF2LY	0	0	1.8e-007	2.6e-003	0	0	0	0	0	0	0	0	0	0	0	0	0	0
THAP1	0	1.9e-034	4.4e-155	7.0e-044	0	0	0	0	0	0	0	0	0	0	0	0	5.7e-005	0
THAP11	0	0	0	0	0	0	0	0	0	0	0	0	0	0	0	0	0	0
THRB	0	5.2e-005	1.7e-013	0	0	0	0	0	0	0	0	0	0	0	0	0	0	0
THRB(var.2)	0	4.7e-493	1.1e-1791	1.5e-438	0	0	0	0	0	0	0	0	0	0	0	0	0	0
THRB(var.3)	0	0	1.5e-009	0	0	0	0	0	0	0	0	0	0	0	0	0	0	0
TLX2	0	2.9e-036	1.5e-109	2.8e-022	0	0	0	0	0	0	0	0	0	0	0	0	0	0
TP53	0	3.8e-006	2.7e-003	0	0	0	0	0	0	0	0	0	0	0	0	0	0	0
TP63	0	0	0	0	0	0	0	0	0	0	0	0	0	0	0	0	0	0
TP73	0	1.7e-006	2.2e-003	0	0	0	0	0	0	0	0	0	0	0	0	0	0	0
TWIST1	0	5.1e-012	2.2e-013	0	0	1.5e-002	0	0	0	0	0	0	0	2.6e-002	0	0	0	0
Twist2	0	4.4e-010	9.9e-018	6.5e-003	0	0	0	0	0	0	0	0	0	0	0	0	0	0
UNCX	0	1.9e-040	7.2e-120	4.2e-026	0	0	0	0	0	0	0	0	0	0	0	0	0	0
USF1	0	2.6e-007	8.7e-009	4.8e-001	0	0	0	0	0	0	0	0	0	0	0	0	0	0
USF2	0	1.7e-007	3.2e-007	0	0	0	0	0	0	0	0	0	0	0	0	0	0	0
VAX1	0	7.5e-043	2.8e-117	3.0e-024	0	0	0	0	0	0	0	0	0	0	0	0	0	0
VAX2	0	5.9e-035	3.2e-107	2.1e-023	0	0	0	0	0	0	0	0	0	0	0	0	0	0
VDR	0	6.7e-010	5.7e-096	4.5e-028	0	0	0	0	0	0	0	0	0	0	0	0	2.9e-040	0
VENTX	0	6.8e-025	1.3e-086	3.3e-016	0	0	0	0	0	0	0	0	0	0	0	0	0	0
VEZF1	0	0	8.0e-010	7.1e-002	0	0	0	0	0	0	0	0	0	0	0	0	0	0
VSX1	0	3.4e-043	1.0e-127	2.2e-024	0	0	0	0	0	0	0	0	0	0	0	0	0	0
VSX2	0	6.3e-037	1.8e-130	1.8e-023	0	0	0	0	0	0	0	0	0	0	0	0	0	0
Wt1	0	1.3e-128	7.9e-090	7.4e-048	0	0	0	0	0	0	0	0	0	0	0	0	0	0
XBP1	0	0	0	0	0	0	0	0	0	0	0	0	0	0	0	0	0	0
YY1	0	4.7e-155	1.7e-562	1.6e-132	0	0	0	0	0	0	0	0	0	0	0	0	0	0
YY2	0	3.9e-009	7.7e-017	3.2e-020	0	0	0	0	0	0	0	0	0	0	0	0	1.1e-002	0
ZBED1	0	0	0	0	0	0	0	0	0	0	0	0	0	0	0	0	0	0
ZBTB12	0	1.6e-009	6.3e-013	1.7e-039	0	6.1e-002	0	0	0	0	0	0	0	0	0	0	8.6e-009	0
ZBTB14	0	0	4.1e-017	0	0	0	0	0	0	0	0	0	0	0	0	0	0	0
ZBTB26	0	4.8e-070	1.7e-274	7.2e-103	0	0	0	0	0	0	0	0	0	0	0	0	0	0
ZBTB32	0	3.1e-001	3.2e-005	0	0	0	0	0	0	0	0	0	0	0	0	0	0	0
ZBTB33	0	0	0	0	0	0	0	0	0	0	0	0	0	0	0	0	0	0
ZBTB6	0	9.3e-022	2.1e-123	0	0	0	0	0	0	0	0	0	0	0	0	0	2.3e-004	0
ZBTB7A	0	4.2e-193	2.5e-514	1.2e-129	4.5e-002	8.0e-003	6.0e-001	0	0	0	0	0	0	2.0e-003	0	0	9.5e-007	0
ZBTB7B	0	0	1.4e-018	0	0	0	0	0	0	0	0	0	0	0	0	0	9.0e-004	0
ZBTB7C	0	0	3.1e-022	0	0	0	0	0	0	0	0	0	0	0	0	0	1.8e-004	0
ZEB1	0	1.8e-103	6.7e-098	0	0	0	0	0	0	0	0	0	0	0	0	0	0	0
ZFP42	0	1.4e-041	4.3e-091	5.0e-059	0	0	0	0	0	0	0	0	0	0	0	0	0	0
ZFP57	0	0	0	7.6e-011	0	0	0	0	0	0	0	0	0	0	0	0	0	0
Zfx	0	0	0	0	0	0	0	0	0	0	0	0	0	0	0	0	2.1e-004	0
ZIC1	0	0	0	0	0	0	0	0	0	0	0	0	0	0	0	0	2.3e-003	0
Zic1::Zic2	0	6.3e-002	4.3e-138	9.3e-032	0	0	0	0	0	0	0	0	0	0	0	0	4.6e-026	0
Zic2	0	1.8e-005	1.2e-166	4.3e-010	0	0	0	0	0	0	0	0	0	0	0	0	8.0e-025	0
ZIC3	0	0	0	0	0	0	0	0	0	0	0	0	0	0	0	0	0	0
ZIC4	0	4.6e-027	3.8e-044	0	0	0	0	0	0	0	0	0	0	0	0	0	0	0
ZIC5	0	0	0	0	0	0	0	0	0	0	0	0	0	0	0	0	0	0
ZKSCAN1	0	1.5e-019	0	0	0	0	0	0	0	0	0	0	0	0	0	0	0	0
ZKSCAN5	0	2.4e-022	9.8e-022	6.3e-010	0	0	0	0	0	0	0	0	0	0	0	0	3.0e-003	0
ZNF135	0	0	3.4e-002	0	0	0	0	0	0	0	0	0	0	0	0	0	0	0
ZNF136	0	1.4e-489	2.6e-1676	6.8e-342	0	0	0	0	0	0	0	0	0	0	0	0	0	0
ZNF140	0	0	0	0	0	0	0	0	0	0	0	0	0	0	0	0	1.5e-003	0
ZNF143	0	0	0	0	0	0	0	0	0	0	0	0	0	0	0	0	0	0
ZNF148	0	1.2e-029	9.1e-011	0	0	0	0	0	0	0	0	0	0	0	0	0	0	0
ZNF16	0	0	0	0	0	0	0	0	0	0	0	0	0	0	0	0	0	0
ZNF24	0	3.9e-006	2.9e-024	1.5e-002	0	0	0	0	0	0	0	0	0	0	0	0	0	0
ZNF263	0	1.4e-128	4.8e-141	1.4e-050	0	0	0	0	0	0	0	0	0	0	0	0	0	0
ZNF274	0	0	0	0	0	0	0	0	0	0	0	0	0	0	0	0	0	0
Znf281	0	8.9e-132	9.5e-119	8.5e-041	0	0	0	0	0	0	0	0	0	0	0	0	0	0
ZNF282	0	0	1.3e-001	0	0	0	0	0	0	0	0	0	0	0	0	0	0	0
ZNF317	0	0	1.1e-004	8.3e-003	0	0	0	0	0	0	0	0	0	0	0	0	0	0
ZNF341	0	7.5e-007	3.9e-065	1.1e-025	0	0	0	0	0	0	0	0	0	0	0	0	0	0
ZNF354C	0	1.2e-035	2.6e-153	4.4e-060	0	0	0	0	0	0	0	0	0	0	0	0	8.4e-013	0
ZNF382	0	0	0	0	0	0	0	0	0	0	0	0	0	0	0	0	0	0
ZNF384	0	2.0e-046	2.1e-125	1.9e-029	0	0	0	0	0	0	0	0	0	0	0	0	9.8e-013	0
ZNF410	0	0	0	0	0	0	0	0	0	0	0	0	0	0	0	0	0	0
Znf423	0	1.7e-034	5.3e-148	9.5e-026	0	0	0	0	0	0	0	0	0	0	0	0	0	0
ZNF449	0	1.0e-002	4.0e-061	2.1e-005	0	0	0	0	0	0	0	0	0	0	0	0	0	0
ZNF460	0	8.8e-006	4.3e-016	2.6e-030	0	0	0	0	0	0	0	0	0	0	0	0	0	0
ZNF528	0	7.1e-009	1.1e-116	5.9e-023	0	0	0	0	0	0	0	0	0	0	0	0	0	0
ZNF652	0	7.4e-008	1.5e-054	3.0e-004	0	0	0	0	0	0	0	0	0	0	0	0	0	0
ZNF682	0	1.8e-088	7.1e-418	1.8e-026	0	0	0	0	0	0	0	0	0	0	0	0	9.7e-012	0
ZNF684	0	0	0	0	0	0	0	0	0	0	0	0	0	0	0	0	0	0
ZNF740	0	0	9.4e-006	0	0	0	0	0	0	0	0	0	0	0	0	0	0	0
ZNF75D	0	8.4e-032	1.0e-076	1.3e-068	0	0	0	0	0	0	0	0	0	0	0	0	1.2e-004	0
ZSCAN29	0	0	1.0e-001	0	0	0	0	0	0	0	0	0	0	0	0	0	0	0
ZSCAN4	0	2.4e-012	2.4e-013	0	0	0	0	0	0	0	0	0	0	0	0	0	0	0
